Date,Ball_1,Ball_2,Ball_3,Ball_4,Ball_5,Ball_6,Bonus_Ball
05/03/2011,2,17,19,21,26,31,6
08/03/2011,2,7,8,9,13,28,3
12/03/2011,3,7,14,17,18,20,1
15/03/2011,4,11,18,19,22,28,2
19/03/2011,8,10,17,19,24,32,3
22/03/2011,4,5,7,8,15,33,7
26/03/2011,8,12,13,19,23,29,3
29/03/2011,6,13,21,23,24,29,1
02/04/2011,6,14,16,19,21,30,2
05/04/2011,5,6,8,12,29,35,7
09/04/2011,6,16,18,22,26,31,7
12/04/2011,5,12,17,19,24,34,2
16/04/2011,7,8,11,13,15,28,1
20/04/2011,12,13,15,26,28,36,4
23/04/2011,10,14,19,20,23,34,5
27/04/2011,3,14,17,24,30,35,4
30/04/2011,3,4,19,23,27,33,6
03/05/2011,5,11,13,14,34,36,4
07/05/2011,1,12,14,20,21,29,2
11/05/2011,4,8,12,14,22,24,4
14/05/2011,10,16,21,23,35,37,7
17/05/2011,3,12,15,16,27,34,2
21/05/2011,2,16,17,31,35,36,5
24/05/2011,7,12,18,23,34,36,4
28/05/2011,6,10,16,19,27,32,5
31/05/2011,2,9,20,22,23,33,2
04/06/2011,5,9,12,16,20,26,1
08/06/2011,8,11,13,16,32,37,7
11/06/2011,2,8,12,17,26,35,7
14/06/2011,1,3,4,18,24,26,3
18/06/2011,4,16,19,29,30,32,6
21/06/2011,5,16,19,25,28,34,2
25/06/2011,6,10,16,20,23,30,1
28/06/2011,21,24,30,32,36,37,4
02/07/2011,4,11,17,24,25,30,3
05/07/2011,1,6,19,23,33,37,3
09/07/2011,3,11,15,17,22,23,1
12/07/2011,1,2,9,21,22,36,3
16/07/2011,7,11,17,21,23,37,2
19/07/2011,1,16,20,24,29,36,5
23/07/2011,15,17,23,24,27,31,2
26/07/2011,1,4,11,26,28,34,7
30/07/2011,1,5,13,24,30,37,6
02/08/2011,7,10,14,18,20,36,2
06/08/2011,1,2,10,15,25,32,6
09/08/2011,9,15,17,18,25,26,3
13/08/2011,4,7,12,18,20,36,1
16/08/2011,4,6,8,32,35,37,1
20/08/2011,17,18,24,30,36,37,2
23/08/2011,16,17,21,28,33,37,4
27/08/2011,8,12,15,23,34,35,3
30/08/2011,1,2,3,5,22,28,5
03/09/2011,9,16,18,20,21,25,6
06/09/2011,6,7,12,18,25,26,1
10/09/2011,10,11,14,19,20,29,2
13/09/2011,15,19,29,31,34,35,7
17/09/2011,15,18,21,29,31,34,6
20/09/2011,9,13,16,17,34,35,5
24/09/2011,4,15,16,17,35,37,3
27/09/2011,3,5,10,11,34,36,6
02/10/2011,12,16,24,29,33,35,2
04/10/2011,5,8,10,16,19,31,7
09/10/2011,3,9,12,17,24,30,2
11/10/2011,1,3,4,7,20,34,3
15/10/2011,7,12,15,27,33,37,3
18/10/2011,2,4,17,20,26,34,4
23/10/2011,9,18,20,31,32,37,3
25/10/2011,10,13,20,35,36,37,1
29/10/2011,2,7,9,14,23,24,6
01/11/2011,2,15,17,18,20,34,2
05/11/2011,6,15,20,25,28,30,5
08/11/2011,1,2,14,15,18,32,1
12/11/2011,3,12,16,21,26,36,1
15/11/2011,2,4,5,7,24,33,1
19/11/2011,15,19,22,29,33,37,7
22/11/2011,15,16,20,24,28,35,6
26/11/2011,2,7,10,20,23,32,7
29/11/2011,12,21,25,27,29,31,2
03/12/2011,7,8,20,26,30,34,2
06/12/2011,6,13,15,17,19,35,3
11/12/2011,3,10,23,27,32,37,6
13/12/2011,2,4,5,11,15,24,7
17/12/2011,6,7,22,30,31,36,6
20/12/2011,4,16,21,26,28,30,2
24/12/2011,1,3,13,14,17,36,5
27/12/2011,5,6,7,12,33,36,7
31/12/2011,2,3,8,15,19,34,6
03/01/2012,7,25,27,31,32,34,7
05/01/2012,3,23,25,28,29,33,4
07/01/2012,1,2,20,21,25,28,1
10/01/2012,7,10,16,21,25,28,5
14/01/2012,5,10,14,25,27,33,2
17/01/2012,2,19,22,25,26,28,3
21/01/2012,14,16,27,28,32,36,5
24/01/2012,3,10,15,24,28,37,4
28/01/2012,8,12,18,20,29,32,3
31/01/2012,8,15,20,26,27,34,6
02/02/2012,14,17,29,31,32,35,5
04/02/2012,15,16,17,25,27,30,4
07/02/2012,1,2,17,19,29,32,4
11/02/2012,2,4,25,30,33,37,6
14/02/2012,7,10,22,23,27,36,3
18/02/2012,3,5,7,8,32,37,5
21/02/2012,18,21,22,23,25,36,2
25/02/2012,1,5,11,13,21,35,2
28/02/2012,2,10,14,32,34,36,7
01/03/2012,11,13,24,26,29,34,6
03/03/2012,2,7,8,14,31,34,5
06/03/2012,6,13,14,22,28,29,6
10/03/2012,12,19,23,30,35,37,5
13/03/2012,2,3,10,11,28,34,6
17/03/2012,1,4,14,23,29,30,7
20/03/2012,2,14,15,23,27,31,3
24/03/2012,1,3,5,11,19,24,5
27/03/2012,3,5,12,23,24,32,7
29/03/2012,8,12,13,16,30,37,2
31/03/2012,6,8,9,11,17,31,1
03/04/2012,8,13,15,21,23,26,3
08/04/2012,7,16,17,18,20,36,1
10/04/2012,1,8,14,21,23,31,2
15/04/2012,3,11,12,15,22,33,7
17/04/2012,3,5,7,27,35,36,2
21/04/2012,1,8,21,23,28,32,5
23/04/2012,1,2,9,12,26,29,2
28/04/2012,5,17,19,22,25,32,1
01/05/2012,8,9,19,27,28,33,2
03/05/2012,4,15,17,20,21,25,4
05/05/2012,18,22,25,26,27,33,3
08/05/2012,2,21,22,23,28,30,4
12/05/2012,1,2,3,14,23,29,7
15/05/2012,4,5,18,23,32,36,4
19/05/2012,5,6,7,16,23,36,1
22/05/2012,9,11,21,25,26,32,6
27/05/2012,14,19,30,34,35,36,4
29/05/2012,3,8,10,23,24,34,3
02/06/2012,2,8,12,17,21,24,3
05/06/2012,7,21,26,31,32,35,6
07/06/2012,5,10,12,20,22,31,1
09/06/2012,1,6,25,29,33,34,2
12/06/2012,5,7,11,24,26,30,1
16/06/2012,1,2,3,16,28,30,3
19/06/2012,2,5,14,21,36,37,3
21/06/2012,6,7,11,30,33,35,3
23/06/2012,10,12,18,21,25,35,2
26/06/2012,1,2,14,15,28,31,2
30/06/2012,3,8,9,10,16,36,6
03/07/2012,9,15,25,30,32,33,7
05/07/2012,5,8,11,21,35,37,6
07/07/2012,4,8,14,21,27,37,3
10/07/2012,7,20,23,24,25,36,7
14/07/2012,2,11,12,18,24,26,5
17/07/2012,9,15,25,26,28,32,3
21/07/2012,4,8,21,22,24,29,1
24/07/2012,1,11,21,25,26,31,4
27/07/2012,3,15,26,27,36,37,5
31/07/2012,1,5,11,18,26,30,3
02/08/2012,3,8,30,34,35,36,7
04/08/2012,4,12,19,23,27,31,1
07/08/2012,1,15,21,23,26,36,3
11/08/2012,9,16,21,24,26,33,7
14/08/2012,5,8,25,29,30,31,4
18/08/2012,4,12,16,21,26,30,6
21/08/2012,6,7,17,18,25,35,4
25/08/2012,7,11,26,27,28,34,6
28/08/2012,2,6,19,29,36,37,7
01/09/2012,2,3,18,20,26,35,2
04/09/2012,3,7,15,29,31,34,7
06/09/2012,9,13,21,22,24,31,1
08/09/2012,8,23,26,31,34,35,5
11/09/2012,3,5,10,11,12,21,3
15/09/2012,2,6,12,16,21,26,5
20/09/2012,11,19,22,23,25,36,5
22/09/2012,12,13,16,18,35,37,5
27/09/2012,2,12,20,22,24,32,5
29/09/2012,4,8,27,30,34,36,6
02/10/2012,1,8,20,21,33,37,2
06/10/2012,2,8,16,23,29,36,3
09/10/2012,2,4,7,24,32,36,1
13/10/2012,3,9,14,19,27,31,6
16/10/2012,7,10,11,19,23,25,6
18/10/2012,2,3,6,20,21,30,2
20/10/2012,6,17,22,24,26,31,6
23/10/2012,1,3,7,18,28,34,7
27/10/2012,3,9,15,24,30,35,7
30/10/2012,5,7,14,15,16,35,7
01/11/2012,2,7,10,11,29,32,5
03/11/2012,1,8,10,12,16,26,6
06/11/2012,11,19,21,22,26,30,4
10/11/2012,12,15,24,26,31,33,1
13/11/2012,6,8,14,25,26,31,1
17/11/2012,2,12,13,16,23,25,1
20/11/2012,4,5,21,30,36,37,5
24/11/2012,8,11,25,30,31,33,7
27/11/2012,12,14,19,20,23,25,4
01/12/2012,2,8,12,31,34,35,5
04/12/2012,2,3,6,19,25,27,7
06/12/2012,5,6,9,26,32,35,4
08/12/2012,3,10,11,13,26,37,1
11/12/2012,2,9,15,22,31,33,6
15/12/2012,7,10,17,23,24,31,3
18/12/2012,8,14,18,22,25,31,1
20/12/2012,6,9,24,25,33,34,2
22/12/2012,7,16,28,31,33,35,4
25/12/2012,1,4,5,7,18,23,1
29/12/2012,11,13,18,26,27,36,2
01/01/2013,5,11,12,13,15,20,4
05/01/2013,7,10,12,19,25,36,7
08/01/2013,9,16,17,20,32,33,4
12/01/2013,1,3,11,25,33,34,3
15/01/2013,5,13,14,16,18,21,2
19/01/2013,10,12,26,27,31,36,3
22/01/2013,1,6,14,20,29,36,2
26/01/2013,6,9,13,17,29,34,6
29/01/2013,9,16,18,30,32,33,7
02/02/2013,1,9,11,20,25,27,3
05/02/2013,3,5,10,17,30,32,1
09/02/2013,4,20,21,26,35,37,1
12/02/2013,1,15,17,21,34,37,3
16/02/2013,6,8,14,20,25,29,6
19/02/2013,4,23,25,30,32,35,3
23/02/2013,13,16,24,31,35,36,5
26/02/2013,3,9,13,17,25,37,1
02/03/2013,3,4,26,30,34,37,4
05/03/2013,5,13,19,22,28,33,2
09/03/2013,7,9,13,14,30,33,1
12/03/2013,2,14,27,28,32,34,7
16/03/2013,17,25,29,30,33,37,2
19/03/2013,1,8,9,18,19,20,4
23/03/2013,6,12,13,24,27,29,4
27/03/2013,3,4,7,21,33,37,2
30/03/2013,8,10,12,15,19,30,5
02/04/2013,1,8,12,19,30,35,4
06/04/2013,8,12,13,27,28,34,7
09/04/2013,11,20,21,22,25,36,7
13/04/2013,1,11,15,24,27,34,5
17/04/2013,1,26,28,32,33,35,5
20/04/2013,18,20,25,27,32,36,1
23/04/2013,2,7,12,19,27,37,6
27/04/2013,12,13,28,33,35,37,5
30/04/2013,1,2,3,10,16,29,6
04/05/2013,1,4,6,9,25,35,1
07/05/2013,10,19,20,24,28,33,3
11/05/2013,7,20,26,33,34,35,3
15/05/2013,3,7,15,19,24,33,4
18/05/2013,2,4,24,25,32,34,1
21/05/2013,8,10,14,17,20,34,1
25/05/2013,3,9,21,26,29,37,1
28/05/2013,2,11,16,18,26,36,4
01/06/2013,12,19,21,23,26,35,5
04/06/2013,13,17,21,27,29,31,4
08/06/2013,4,6,17,19,21,36,3
11/06/2013,3,21,25,26,36,37,1
15/06/2013,11,15,21,29,31,36,3
18/06/2013,3,9,10,22,28,33,7
22/06/2013,3,6,7,10,16,30,4
25/06/2013,4,21,22,23,27,35,5
29/06/2013,8,10,17,18,35,37,1
02/07/2013,4,10,15,24,28,29,5
06/07/2013,4,19,27,30,31,35,5
09/07/2013,7,16,19,21,31,36,3
13/07/2013,12,18,19,28,29,34,7
16/07/2013,4,11,12,15,30,33,1
20/07/2013,3,7,8,24,34,36,2
23/07/2013,8,13,23,26,27,29,3
27/07/2013,8,9,11,16,31,34,4
30/07/2013,13,14,26,29,31,35,1
03/08/2013,5,8,9,17,24,32,5
06/08/2013,2,3,4,27,30,32,6
10/08/2013,1,3,18,19,35,37,6
13/08/2013,1,5,14,19,26,28,4
17/08/2013,5,9,17,19,33,35,7
20/08/2013,8,13,16,17,29,37,6
24/08/2013,6,10,11,15,19,24,5
27/08/2013,4,16,17,19,30,34,5
31/08/2013,7,12,16,22,24,25,3
03/09/2013,8,14,27,29,33,37,6
08/09/2013,2,6,16,28,35,37,7
10/09/2013,3,13,24,27,33,35,3
15/09/2013,1,3,4,6,12,13,4
17/09/2013,17,20,26,28,30,33,4
21/09/2013,3,8,17,19,24,33,6
24/09/2013,11,21,22,23,28,37,5
28/09/2013,3,9,14,20,34,35,2
01/10/2013,10,11,19,21,23,29,4
05/10/2013,2,4,12,27,34,37,2
08/10/2013,3,7,13,17,18,28,7
12/10/2013,3,8,16,19,25,27,1
15/10/2013,5,8,10,20,34,37,2
19/10/2013,6,13,15,22,23,37,6
22/10/2013,11,17,21,23,26,27,3
26/10/2013,1,2,7,12,29,33,3
29/10/2013,1,7,10,21,28,30,1
02/11/2013,2,8,12,19,26,27,6
05/11/2013,1,10,12,19,35,36,6
09/11/2013,3,4,24,27,31,36,2
12/11/2013,14,22,24,33,35,36,7
16/11/2013,7,19,22,28,30,33,4
19/11/2013,4,6,10,17,28,32,4
23/11/2013,1,9,17,29,30,37,5
26/11/2013,11,14,19,21,26,33,7
30/11/2013,11,21,29,33,35,37,4
03/12/2013,2,10,16,26,27,30,4
07/12/2013,1,3,11,13,21,28,7
10/12/2013,1,8,12,19,26,27,3
14/12/2013,5,11,25,26,29,36,3
17/12/2013,13,15,17,24,26,27,3
21/12/2013,5,20,21,26,30,35,1
24/12/2013,9,18,25,30,33,37,5
28/12/2013,4,14,16,21,33,36,3
31/12/2013,7,9,10,22,24,33,4
04/01/2014,7,9,13,18,21,22,4
07/01/2014,12,13,18,31,32,36,7
11/01/2014,1,3,4,22,28,36,2
14/01/2014,2,8,10,13,35,37,5
18/01/2014,1,11,15,16,23,32,5
21/01/2014,18,22,30,34,35,37,7
25/01/2014,13,15,26,28,29,36,2
28/01/2014,20,24,26,28,32,33,6
01/02/2014,1,5,12,22,24,27,6
04/02/2014,1,2,4,28,29,31,5
08/02/2014,16,22,26,29,36,37,3
11/02/2014,2,5,18,20,23,29,3
15/02/2014,1,6,10,16,21,22,4
18/02/2014,3,7,14,21,27,37,6
22/02/2014,3,8,23,26,28,29,6
25/02/2014,5,6,11,21,22,28,2
01/03/2014,4,8,9,22,29,33,6
04/03/2014,3,6,17,23,27,32,6
08/03/2014,17,21,23,24,26,35,2
11/03/2014,1,3,6,9,34,37,3
15/03/2014,7,17,24,29,36,37,7
18/03/2014,4,9,12,14,17,29,2
22/03/2014,3,4,23,26,31,35,3
25/03/2014,3,6,16,28,32,33,2
29/03/2014,4,13,24,25,32,34,2
01/04/2014,15,17,23,25,30,35,2
05/04/2014,2,12,18,28,33,34,1
08/04/2014,10,21,28,30,31,35,6
12/04/2014,11,16,19,24,27,35,3
16/04/2014,4,9,23,28,34,36,5
19/04/2014,2,3,20,31,35,37,7
22/04/2014,1,3,5,16,26,30,5
26/04/2014,2,4,13,16,29,34,1
29/04/2014,3,5,9,14,22,23,7
03/05/2014,20,22,28,31,35,36,3
07/05/2014,6,8,9,17,29,30,4
10/05/2014,1,2,3,4,7,25,2
13/05/2014,3,11,17,20,31,32,6
17/05/2014,1,3,11,16,20,35,2
20/05/2014,2,6,12,26,30,35,3
24/05/2014,5,10,19,25,32,35,7
27/05/2014,3,4,6,18,26,29,3
31/05/2014,5,11,12,13,15,22,7
04/06/2014,11,17,19,31,36,37,1
07/06/2014,4,9,10,14,19,35,2
10/06/2014,6,8,9,25,29,37,3
14/06/2014,13,15,24,25,30,32,5
17/06/2014,7,8,15,18,29,34,4
21/06/2014,8,11,22,33,34,35,6
24/06/2014,7,8,15,30,33,34,6
28/06/2014,1,2,6,19,29,33,7
01/07/2014,5,13,17,26,29,33,5
05/07/2014,1,10,17,21,22,31,4
08/07/2014,2,5,18,19,20,31,1
12/07/2014,4,11,12,13,20,27,2
15/07/2014,7,14,20,27,29,31,5
19/07/2014,4,11,27,32,34,37,4
22/07/2014,2,10,12,23,30,33,5
26/07/2014,2,3,28,30,33,35,5
29/07/2014,3,5,8,16,17,20,2
02/08/2014,6,13,14,21,23,26,6
05/08/2014,5,9,21,23,28,33,7
09/08/2014,4,11,13,20,32,35,2
12/08/2014,3,15,21,28,30,32,4
16/08/2014,2,5,7,16,22,37,4
19/08/2014,4,16,30,32,34,36,4
23/08/2014,5,15,20,25,27,32,4
26/08/2014,2,7,10,23,26,35,6
30/08/2014,2,9,28,31,32,35,6
02/09/2014,6,10,18,27,35,36,6
06/09/2014,3,15,24,25,26,35,2
09/09/2014,2,12,14,27,29,32,5
13/09/2014,1,4,12,18,31,37,3
16/09/2014,3,8,11,19,26,35,2
20/09/2014,7,19,20,25,31,34,3
23/09/2014,7,9,10,34,35,36,7
28/09/2014,13,17,19,26,30,36,5
30/09/2014,8,13,17,18,34,36,1
05/10/2014,1,9,10,21,26,37,3
07/10/2014,8,10,15,23,26,34,1
11/10/2014,2,6,11,16,27,34,3
14/10/2014,5,10,17,23,32,36,6
18/10/2014,9,10,11,12,21,32,5
21/10/2014,5,7,9,11,24,29,1
25/10/2014,2,5,6,10,19,29,5
28/10/2014,12,15,20,30,33,37,3
01/11/2014,1,2,5,15,27,31,4
04/11/2014,2,19,28,29,34,36,6
08/11/2014,7,16,18,21,23,36,6
11/11/2014,3,11,18,25,33,36,7
15/11/2014,4,8,9,23,25,31,4
18/11/2014,1,3,29,30,33,35,2
22/11/2014,4,6,10,11,14,25,7
25/11/2014,2,9,13,16,28,29,1
29/11/2014,2,10,14,17,28,34,2
02/12/2014,1,2,9,11,15,21,2
06/12/2014,3,20,28,31,33,37,5
09/12/2014,5,7,10,15,22,35,5
13/12/2014,2,9,27,29,32,36,1
16/12/2014,9,12,25,29,34,36,5
20/12/2014,6,12,25,27,30,37,5
23/12/2014,7,9,20,24,28,35,5
27/12/2014,4,5,18,20,28,36,4
30/12/2014,1,2,5,12,34,35,4
03/01/2015,9,20,22,23,29,31,2
06/01/2015,4,13,22,25,28,30,5
10/01/2015,3,8,10,15,30,33,4
13/01/2015,4,8,17,20,25,30,1
17/01/2015,1,7,11,17,36,37,2
20/01/2015,11,24,30,34,35,37,7
24/01/2015,4,11,19,28,31,34,4
27/01/2015,4,6,13,19,33,35,6
31/01/2015,1,10,16,28,29,32,5
03/02/2015,8,12,21,24,25,27,1
07/02/2015,8,12,17,21,27,30,1
10/02/2015,1,6,10,22,24,26,3
14/02/2015,8,11,13,20,22,25,5
17/02/2015,3,13,14,18,28,30,2
21/02/2015,4,14,16,22,28,33,4
24/02/2015,10,16,22,30,35,36,2
28/02/2015,11,13,22,29,31,33,1
03/03/2015,2,10,11,13,22,37,4
07/03/2015,3,14,15,19,26,33,6
10/03/2015,6,10,15,19,36,37,3
14/03/2015,14,15,18,22,23,29,1
17/03/2015,11,15,22,29,35,37,4
21/03/2015,11,15,17,27,33,37,5
24/03/2015,2,3,5,10,26,27,2
28/03/2015,5,13,21,22,25,28,1
31/03/2015,5,13,16,18,23,26,1
04/04/2015,7,32,33,34,35,36,2
07/04/2015,11,12,15,22,23,29,7
12/04/2015,2,9,11,13,29,33,3
14/04/2015,1,2,4,9,12,16,4
18/04/2015,11,12,18,24,31,33,6
21/04/2015,1,11,13,15,18,25,6
25/04/2015,1,15,17,31,32,34,2
28/04/2015,6,9,18,23,26,33,2
02/05/2015,1,3,8,12,19,30,1
05/05/2015,6,10,12,15,27,33,1
09/05/2015,5,16,22,23,24,33,1
12/05/2015,1,13,23,24,30,31,7
16/05/2015,6,8,18,22,29,37,1
19/05/2015,15,18,22,23,26,34,6
24/05/2015,4,11,18,22,29,31,4
26/05/2015,2,5,10,12,18,26,4
30/05/2015,6,8,11,23,32,35,4
02/06/2015,4,17,18,24,27,36,2
06/06/2015,4,6,8,18,27,37,4
09/06/2015,3,8,10,12,28,37,5
13/06/2015,3,4,14,18,32,35,2
16/06/2015,17,18,20,21,26,32,3
20/06/2015,3,5,7,13,17,28,4
23/06/2015,8,11,18,21,24,30,4
27/06/2015,2,6,13,16,27,33,3
30/06/2015,11,13,20,29,30,37,7
04/07/2015,2,14,22,23,25,28,5
07/07/2015,1,6,9,13,23,35,2
11/07/2015,5,15,22,23,25,29,6
14/07/2015,2,16,21,26,33,34,2
18/07/2015,2,3,11,18,25,27,5
21/07/2015,16,21,27,28,32,37,7
26/07/2015,7,9,16,23,29,30,3
28/07/2015,24,27,30,34,35,37,5
01/08/2015,5,7,9,17,19,29,3
04/08/2015,13,21,22,26,29,34,3
08/08/2015,2,6,17,29,31,35,3
11/08/2015,5,8,16,21,34,35,3
15/08/2015,3,7,14,24,27,28,2
18/08/2015,4,7,12,14,17,34,4
22/08/2015,16,17,18,20,28,35,3
25/08/2015,1,8,11,17,25,30,6
29/08/2015,5,7,8,15,19,26,3
01/09/2015,10,18,22,27,31,35,1
05/09/2015,5,6,10,15,28,29,7
08/09/2015,19,21,22,24,30,37,5
12/09/2015,6,9,15,23,24,28,4
16/09/2015,11,14,18,20,22,33,7
19/09/2015,1,8,11,23,30,35,6
21/09/2015,5,12,13,33,35,36,1
26/09/2015,5,6,8,11,20,27,7
29/09/2015,12,15,18,20,23,29,6
03/10/2015,9,17,23,28,30,36,7
06/10/2015,2,8,12,14,17,21,4
10/10/2015,5,6,16,17,20,22,7
13/10/2015,1,6,15,17,20,32,6
17/10/2015,2,3,13,21,22,31,6
20/10/2015,1,6,9,10,12,17,3
24/10/2015,9,13,15,20,25,36,6
27/10/2015,2,20,26,27,28,30,1
31/10/2015,14,20,22,26,31,37,5
03/11/2015,10,12,19,25,26,36,2
07/11/2015,18,19,29,34,35,36,1
10/11/2015,3,4,10,11,30,32,5
14/11/2015,10,17,18,22,24,29,1
17/11/2015,3,5,6,19,23,35,3
21/11/2015,7,9,14,21,26,34,5
24/11/2015,6,8,21,25,30,35,6
28/11/2015,7,19,27,29,34,35,7
01/12/2015,2,9,18,23,29,33,5
05/12/2015,4,17,18,23,25,28,2
08/12/2015,6,10,15,18,27,34,6
12/12/2015,4,9,10,12,13,29,4
15/12/2015,3,6,9,10,17,36,5
19/12/2015,1,11,13,25,27,29,7
22/12/2015,2,11,13,17,25,27,5
26/12/2015,14,21,27,31,32,35,5
29/12/2015,4,7,13,16,17,27,6
02/01/2016,1,13,15,30,31,32,2
05/01/2016,3,15,17,20,21,37,1
09/01/2016,3,12,14,24,32,34,6
12/01/2016,1,4,5,16,21,29,1
16/01/2016,1,8,13,27,32,37,2
19/01/2016,6,19,24,25,26,37,7
23/01/2016,5,16,18,23,24,26,6
26/01/2016,17,18,25,28,30,34,5
30/01/2016,8,9,11,12,13,22,4
02/02/2016,1,13,19,22,34,35,6
06/02/2016,1,4,11,19,30,32,4
09/02/2016,2,10,14,15,21,29,2
13/02/2016,2,13,14,19,21,30,1
16/02/2016,8,14,16,20,24,30,1
20/02/2016,2,5,21,29,34,37,3
23/02/2016,6,10,25,31,35,37,4
27/02/2016,3,18,19,22,24,26,7
01/03/2016,7,15,17,19,27,30,4
05/03/2016,1,2,7,8,9,26,2
08/03/2016,5,19,23,25,30,31,3
12/03/2016,1,5,14,21,27,30,7
15/03/2016,7,15,17,18,20,32,5
19/03/2016,6,9,17,26,27,36,6
22/03/2016,9,16,22,27,31,32,6
26/03/2016,6,10,14,15,26,36,3
29/03/2016,1,10,11,13,18,25,7
02/04/2016,3,15,26,28,32,33,4
05/04/2016,4,8,16,20,21,36,3
09/04/2016,5,8,11,20,29,36,4
12/04/2016,2,7,10,18,24,26,5
16/04/2016,7,13,19,32,35,37,6
19/04/2016,3,7,12,22,27,36,2
23/04/2016,2,5,6,14,22,32,3
26/04/2016,12,13,20,25,27,30,6
01/05/2016,2,6,8,14,29,34,3
03/05/2016,5,22,25,33,35,36,1
07/05/2016,1,9,20,25,27,31,4
10/05/2016,5,6,10,20,26,29,3
14/05/2016,13,17,20,26,35,37,2
17/05/2016,2,4,14,19,20,33,1
21/05/2016,3,5,6,13,26,29,1
24/05/2016,8,12,15,24,28,33,5
28/05/2016,4,6,14,22,28,29,4
31/05/2016,1,5,7,18,25,36,1
04/06/2016,5,8,17,31,32,37,7
07/06/2016,8,9,21,22,26,37,6
12/06/2016,1,20,23,24,26,32,7
14/06/2016,5,6,9,12,26,34,4
18/06/2016,12,14,16,29,32,37,5
21/06/2016,7,11,19,25,28,37,4
25/06/2016,2,12,21,23,28,31,6
28/06/2016,11,12,18,19,32,37,4
02/07/2016,3,7,10,21,33,35,2
05/07/2016,7,12,18,22,32,36,3
09/07/2016,1,2,5,16,24,34,7
12/07/2016,6,14,18,26,29,36,7
16/07/2016,4,6,15,24,31,37,4
19/07/2016,5,10,13,17,25,36,3
23/07/2016,1,9,15,20,23,28,4
26/07/2016,10,13,16,24,27,37,2
30/07/2016,2,12,20,28,30,33,5
02/08/2016,7,26,28,30,31,34,1
06/08/2016,1,25,34,35,36,37,2
09/08/2016,6,8,9,14,16,17,4
14/08/2016,1,3,15,27,31,35,7
16/08/2016,1,2,32,34,36,37,6
20/08/2016,3,4,5,27,30,36,3
23/08/2016,4,6,18,26,29,34,1
27/08/2016,12,13,15,20,21,32,1
30/08/2016,3,11,12,15,21,26,6
03/09/2016,1,4,16,26,28,37,5
06/09/2016,7,13,14,28,29,35,6
10/09/2016,5,7,10,13,24,33,7
13/09/2016,1,10,11,12,18,19,5
17/09/2016,11,14,22,26,27,33,7
20/09/2016,5,9,19,21,22,34,2
24/09/2016,9,15,17,25,27,32,3
27/09/2016,5,11,18,20,30,35,5
01/10/2016,14,20,23,25,26,35,3
05/10/2016,9,11,14,16,27,37,1
08/10/2016,1,9,10,21,24,32,1
10/10/2016,3,8,17,20,22,30,3
15/10/2016,9,20,22,23,24,29,6
18/10/2016,4,5,9,12,16,29,3
22/10/2016,1,6,12,14,36,37,3
25/10/2016,4,16,19,25,29,37,6
29/10/2016,4,16,21,23,24,27,3
01/11/2016,12,18,20,21,29,35,4
05/11/2016,3,9,13,16,22,34,6
08/11/2016,4,11,12,26,28,29,6
12/11/2016,2,14,16,18,32,37,3
15/11/2016,2,11,21,22,26,32,6
19/11/2016,13,16,19,22,25,31,2
22/11/2016,2,3,5,8,23,29,4
26/11/2016,1,12,13,29,32,36,1
29/11/2016,1,8,20,25,33,37,7
03/12/2016,6,16,20,25,26,27,6
06/12/2016,2,5,9,13,26,29,2
10/12/2016,8,9,15,21,26,29,3
13/12/2016,4,12,16,28,29,31,5
17/12/2016,1,2,10,12,26,29,6
20/12/2016,1,3,4,10,16,17,1
24/12/2016,5,8,21,28,31,35,2
27/12/2016,8,10,12,24,25,29,3
31/12/2016,11,13,27,30,32,34,6
03/01/2017,1,3,6,27,29,33,7
07/01/2017,5,6,9,17,24,31,7
10/01/2017,14,15,19,31,34,35,3
14/01/2017,5,7,10,15,26,37,7
17/01/2017,3,9,14,15,21,22,3
21/01/2017,8,9,12,13,29,34,5
24/01/2017,10,13,16,17,26,34,7
28/01/2017,5,8,11,16,22,29,6
31/01/2017,1,6,11,14,17,27,4
04/02/2017,4,22,24,25,26,29,6
07/02/2017,5,12,16,22,27,31,4
11/02/2017,12,15,17,18,22,26,1
14/02/2017,16,18,19,30,31,32,3
18/02/2017,6,8,14,19,20,37,5
21/02/2017,3,27,28,30,31,35,7
25/02/2017,1,6,18,24,28,35,2
28/02/2017,5,7,13,15,18,23,2
04/03/2017,3,8,9,12,27,33,3
07/03/2017,10,11,17,19,26,30,5
11/03/2017,11,13,18,20,25,29,7
14/03/2017,13,20,26,30,31,34,2
18/03/2017,3,11,22,24,33,36,7
21/03/2017,3,10,13,18,25,26,6
23/03/2017,3,8,10,11,26,36,2
25/03/2017,14,15,16,24,32,36,1
28/03/2017,13,15,21,23,30,36,6
01/04/2017,6,14,15,18,22,36,4
04/04/2017,4,5,16,24,33,34,2
06/04/2017,5,6,7,24,27,32,5
08/04/2017,7,11,18,21,25,29,7
12/04/2017,4,7,10,22,27,36,6
15/04/2017,3,6,12,25,28,36,7
18/04/2017,2,8,10,16,18,27,5
22/04/2017,9,20,27,28,30,34,1
25/04/2017,4,8,11,13,24,32,6
29/04/2017,19,21,24,25,30,36,5
03/05/2017,5,6,7,16,17,33,4
06/05/2017,2,7,11,23,25,29,4
09/05/2017,1,7,11,15,20,30,5
11/05/2017,5,6,18,19,21,36,6
13/05/2017,3,20,24,27,32,37,2
16/05/2017,8,13,27,28,30,36,2
20/05/2017,1,3,8,10,11,31,3
23/05/2017,2,8,17,20,27,31,7
27/05/2017,10,13,15,22,32,33,7
31/05/2017,1,9,14,15,19,25,6
03/06/2017,10,11,14,17,19,26,5
06/06/2017,8,18,21,22,26,33,1
10/06/2017,3,5,10,13,26,27,4
13/06/2017,4,19,22,28,31,33,7
15/06/2017,6,12,23,25,26,35,4
17/06/2017,4,7,10,20,22,26,7
20/06/2017,2,9,17,19,34,35,2
24/06/2017,2,3,8,11,26,29,6
27/06/2017,8,9,14,22,32,33,7
01/07/2017,19,20,21,24,34,35,5
04/07/2017,4,8,15,24,36,37,5
06/07/2017,11,21,22,24,26,30,3
08/07/2017,9,18,22,24,27,34,6
11/07/2017,3,5,8,11,22,33,5
15/07/2017,3,10,20,22,33,37,3
18/07/2017,7,10,14,17,27,29,4
22/07/2017,6,7,11,12,23,30,3
25/07/2017,12,14,19,27,31,34,4
29/07/2017,1,5,26,31,34,35,4
01/08/2017,4,10,17,23,28,37,5
03/08/2017,6,9,21,31,34,35,4
05/08/2017,4,7,11,12,15,37,4
08/08/2017,13,17,26,31,35,37,4
12/08/2017,20,22,29,31,32,33,3
15/08/2017,6,8,12,14,28,34,4
19/08/2017,6,17,28,30,32,33,6
22/08/2017,5,8,10,26,29,35,6
24/08/2017,12,13,25,27,31,33,3
26/08/2017,5,10,15,22,25,33,1
29/08/2017,1,3,22,26,29,36,5
02/09/2017,1,8,14,21,25,31,1
05/09/2017,3,6,13,15,28,31,1
07/09/2017,13,20,25,28,29,30,1
09/09/2017,7,12,15,18,23,28,1
12/09/2017,5,6,9,11,15,23,2
16/09/2017,9,20,21,24,25,37,7
19/09/2017,2,4,5,9,12,27,5
24/09/2017,6,8,11,23,25,32,1
26/09/2017,5,16,20,24,29,34,4
01/10/2017,3,10,18,20,24,33,2
03/10/2017,1,2,15,28,29,32,6
07/10/2017,2,4,12,28,30,32,7
10/10/2017,4,5,11,27,32,37,1
14/10/2017,12,18,20,23,25,37,5
17/10/2017,6,18,26,31,34,37,1
19/10/2017,8,15,21,23,29,37,2
21/10/2017,15,20,24,25,29,30,5
24/10/2017,2,3,12,22,25,27,7
28/10/2017,23,25,28,30,31,34,3
31/10/2017,1,6,7,12,34,35,6
02/11/2017,3,6,9,14,16,35,7
04/11/2017,6,8,24,28,30,35,5
07/11/2017,1,6,23,33,34,36,6
11/11/2017,1,8,10,12,29,34,1
14/11/2017,20,23,27,28,30,34,3
18/11/2017,16,22,27,29,33,36,7
21/11/2017,1,6,8,17,19,24,3
25/11/2017,6,16,21,25,32,33,7
28/11/2017,6,10,14,20,31,37,6
02/12/2017,4,8,13,17,28,33,6
05/12/2017,15,20,27,28,29,37,3
07/12/2017,6,7,18,21,26,33,3
09/12/2017,10,18,27,30,32,37,1
12/12/2017,2,10,15,17,25,33,6
16/12/2017,3,6,10,11,26,29,6
19/12/2017,3,9,11,12,28,35,4
23/12/2017,7,9,25,30,31,36,1
26/12/2017,3,18,19,29,36,37,6
28/12/2017,6,7,8,17,18,29,1
30/12/2017,3,6,17,18,34,36,2
02/01/2018,4,6,7,10,20,28,1
04/01/2018,1,3,12,23,28,31,4
06/01/2018,2,6,12,18,26,28,1
09/01/2018,6,11,13,29,32,34,2
13/01/2018,7,11,23,30,32,34,1
16/01/2018,3,12,15,20,23,26,4
20/01/2018,3,6,11,16,26,34,6
23/01/2018,7,13,16,17,29,34,1
27/01/2018,9,16,22,26,28,37,1
30/01/2018,5,21,22,25,32,36,6
01/02/2018,2,6,17,21,30,35,3
03/02/2018,5,13,15,23,28,35,2
06/02/2018,17,19,20,27,29,33,1
10/02/2018,4,5,11,16,18,20,6
13/02/2018,2,5,11,12,15,33,6
17/02/2018,1,3,5,17,18,26,5
20/02/2018,5,6,10,12,18,26,2
24/02/2018,2,6,9,13,35,37,3
27/02/2018,5,10,12,19,20,25,4
03/03/2018,1,2,3,10,16,37,5
06/03/2018,4,11,13,24,25,34,5
08/03/2018,9,11,15,22,28,32,2
10/03/2018,3,25,26,30,31,34,3
13/03/2018,22,24,28,29,30,33,4
17/03/2018,7,8,10,19,27,37,6
20/03/2018,5,6,11,13,21,30,5
24/03/2018,2,5,8,20,22,28,3
27/03/2018,2,9,17,23,27,31,1
31/03/2018,1,2,3,13,22,30,7
03/04/2018,3,10,11,20,24,30,2
08/04/2018,1,23,26,31,33,37,5
10/04/2018,1,7,11,22,24,34,2
14/04/2018,5,11,12,18,28,35,3
16/04/2018,2,10,11,22,28,33,6
21/04/2018,6,7,12,22,23,28,6
24/04/2018,13,15,26,27,29,37,7
26/04/2018,5,11,16,18,23,26,1
28/04/2018,4,6,7,10,11,18,2
01/05/2018,4,6,9,12,32,36,1
05/05/2018,10,12,22,23,30,37,5
08/05/2018,2,14,18,23,30,32,4
10/05/2018,4,8,11,29,34,35,7
12/05/2018,6,10,18,23,33,36,6
15/05/2018,2,4,10,14,23,28,6
20/05/2018,7,10,21,27,33,36,5
22/05/2018,1,13,26,31,34,37,4
26/05/2018,18,21,23,25,27,34,7
29/05/2018,12,13,16,20,21,32,2
02/06/2018,9,20,22,23,27,32,7
05/06/2018,1,8,19,22,34,35,6
07/06/2018,1,3,11,15,26,32,7
09/06/2018,8,10,14,17,25,34,5
12/06/2018,5,9,10,12,34,35,1
16/06/2018,8,10,18,23,29,30,7
19/06/2018,5,7,11,14,23,36,2
21/06/2018,19,26,30,31,33,35,3
23/06/2018,2,9,13,17,21,26,6
26/06/2018,1,3,29,30,32,37,3
30/06/2018,2,9,11,13,19,28,3
03/07/2018,5,7,11,12,28,34,5
05/07/2018,7,13,15,19,28,36,6
07/07/2018,8,11,22,29,30,32,1
10/07/2018,2,7,8,9,10,15,2
14/07/2018,11,22,27,32,34,36,3
17/07/2018,13,19,21,27,29,32,3
22/07/2018,3,11,13,25,28,35,1
24/07/2018,2,9,15,26,29,35,5
28/07/2018,6,9,26,29,36,37,1
31/07/2018,2,14,25,26,32,33,4
02/08/2018,2,9,11,16,23,35,1
04/08/2018,9,16,22,23,25,28,3
07/08/2018,2,6,17,22,30,33,5
11/08/2018,4,5,8,25,26,33,7
14/08/2018,7,13,16,18,19,28,5
18/08/2018,1,3,18,20,23,37,4
21/08/2018,1,5,11,12,22,27,2
25/08/2018,10,13,18,26,31,33,4
28/08/2018,1,4,27,34,36,37,7
01/09/2018,9,18,24,28,30,36,7
04/09/2018,7,9,12,16,27,33,4
06/09/2018,1,4,7,8,12,16,1
08/09/2018,4,6,20,23,28,34,2
12/09/2018,7,8,11,20,30,37,7
15/09/2018,4,8,13,18,21,32,7
17/09/2018,2,12,16,17,28,36,4
22/09/2018,7,11,18,20,21,22,1
25/09/2018,6,13,22,25,29,37,5
29/09/2018,1,8,15,16,20,31,6
02/10/2018,4,12,21,24,35,37,7
04/10/2018,7,14,18,27,34,37,7
06/10/2018,1,3,13,17,21,32,1
09/10/2018,6,16,21,27,28,29,1
13/10/2018,1,5,15,17,23,37,5
16/10/2018,8,13,14,27,30,37,6
20/10/2018,7,20,21,25,35,37,3
23/10/2018,4,16,23,29,35,36,4
27/10/2018,11,17,19,25,27,28,2
30/10/2018,6,7,11,17,22,29,6
01/11/2018,4,8,13,20,27,29,6
03/11/2018,2,7,9,19,24,25,7
06/11/2018,8,9,13,14,27,29,5
10/11/2018,16,18,20,22,24,25,4
13/11/2018,9,20,25,27,34,37,2
17/11/2018,6,16,23,24,30,33,1
20/11/2018,3,5,16,18,21,26,2
24/11/2018,2,12,14,18,22,25,7
27/11/2018,3,5,8,18,19,29,2
01/12/2018,7,8,25,31,32,35,7
04/12/2018,1,3,7,9,15,22,2
08/12/2018,8,11,13,18,25,31,6
11/12/2018,15,21,23,27,36,37,3
13/12/2018,1,10,18,25,31,36,6
15/12/2018,1,3,4,13,23,28,5
18/12/2018,3,16,19,22,25,26,2
22/12/2018,16,17,19,29,34,37,4
25/12/2018,6,9,10,11,18,29,5
27/12/2018,12,13,19,21,35,36,6
29/12/2018,3,7,11,17,19,31,6
01/01/2019,7,13,15,16,20,31,7
03/01/2019,8,14,20,23,24,28,4
05/01/2019,6,9,13,20,26,36,7
08/01/2019,5,8,14,15,18,25,3
12/01/2019,8,15,20,24,25,33,4
15/01/2019,6,7,17,28,33,36,7
19/01/2019,4,9,17,26,27,37,2
22/01/2019,3,10,13,17,33,37,2
26/01/2019,11,12,26,34,36,37,2
29/01/2019,1,13,20,25,31,33,2
02/02/2019,11,18,19,25,35,37,5
05/02/2019,1,6,12,17,22,26,6
07/02/2019,4,13,18,22,28,34,3
09/02/2019,3,7,9,21,22,33,7
12/02/2019,10,11,17,21,23,32,7
16/02/2019,3,9,11,13,21,25,7
19/02/2019,3,9,23,24,25,26,2
23/02/2019,12,15,21,24,30,32,7
26/02/2019,5,6,12,16,29,34,5
02/03/2019,20,25,28,34,36,37,6
05/03/2019,2,21,25,27,28,36,6
07/03/2019,11,14,19,20,21,26,2
09/03/2019,12,14,15,18,20,21,5
12/03/2019,6,20,25,30,33,35,1
16/03/2019,7,11,12,25,28,31,6
19/03/2019,3,22,24,25,28,37,6
23/03/2019,3,5,7,18,23,27,7
26/03/2019,1,15,20,22,23,31,4
30/03/2019,4,6,10,18,22,25,6
02/04/2019,1,11,17,21,33,34,1
04/04/2019,4,5,19,25,31,32,3
06/04/2019,3,4,5,18,23,29,4
09/04/2019,1,3,6,9,14,28,1
13/04/2019,10,13,14,19,20,25,6
16/04/2019,12,13,15,17,25,31,2
20/04/2019,1,8,15,22,31,35,4
23/04/2019,2,8,15,27,31,35,4
28/04/2019,8,19,26,30,31,36,2
30/04/2019,1,12,17,21,25,26,2
04/05/2019,9,10,11,13,15,21,3
06/05/2019,7,8,11,14,16,22,5
11/05/2019,6,18,19,23,24,28,4
14/05/2019,1,12,16,20,30,36,6
16/05/2019,1,8,13,21,25,31,5
18/05/2019,3,27,29,31,32,33,3
21/05/2019,17,20,22,24,28,32,7
25/05/2019,3,10,16,25,29,32,1
28/05/2019,1,4,11,14,17,22,2
01/06/2019,4,5,19,24,31,37,6
04/06/2019,1,6,19,22,25,32,5
06/06/2019,10,12,15,19,27,28,3
09/06/2019,3,13,14,20,22,23,3
11/06/2019,4,13,17,19,25,37,1
15/06/2019,4,7,8,9,16,31,1
18/06/2019,1,9,13,19,20,34,5
20/06/2019,4,11,16,25,35,36,6
22/06/2019,3,10,11,17,24,36,7
25/06/2019,17,22,26,28,34,36,5
29/06/2019,10,11,14,24,27,35,3
02/07/2019,1,28,29,30,32,34,5
04/07/2019,8,18,26,29,31,36,4
06/07/2019,4,18,19,23,24,37,5
09/07/2019,1,10,12,14,27,29,2
13/07/2019,13,15,16,28,31,32,6
16/07/2019,3,4,7,18,22,23,2
20/07/2019,14,17,25,26,29,35,7
23/07/2019,1,10,28,31,32,35,6
27/07/2019,4,13,17,28,35,37,3
30/07/2019,6,10,11,24,32,36,4
03/08/2019,11,19,20,27,30,37,5
06/08/2019,1,14,25,29,30,33,3
08/08/2019,6,10,22,25,30,37,1
11/08/2019,11,17,25,33,35,36,3
13/08/2019,1,13,15,27,31,35,4
17/08/2019,11,13,17,24,34,36,1
20/08/2019,9,16,21,25,27,36,5
24/08/2019,4,5,6,9,20,37,6
27/08/2019,2,6,9,12,16,18,2
31/08/2019,1,3,18,21,23,36,3
03/09/2019,1,4,6,17,20,34,1
05/09/2019,1,7,10,24,28,37,7
07/09/2019,6,10,29,32,33,34,3
10/09/2019,3,12,13,17,18,36,5
14/09/2019,7,16,17,27,32,37,6
17/09/2019,2,8,16,19,29,33,7
21/09/2019,2,11,22,32,35,37,3
24/09/2019,5,6,7,14,26,37,4
28/09/2019,3,19,25,30,33,34,6
02/10/2019,1,22,32,33,35,37,4
05/10/2019,6,8,12,13,32,35,4
10/10/2019,8,14,16,26,32,35,2
12/10/2019,1,5,12,22,34,37,6
15/10/2019,3,4,6,8,14,35,1
19/10/2019,4,5,10,16,17,18,3
22/10/2019,5,14,15,19,20,31,3
26/10/2019,1,15,19,23,28,32,3
29/10/2019,3,13,20,26,29,35,1
02/11/2019,1,11,27,29,33,37,6
05/11/2019,9,11,14,19,23,33,2
07/11/2019,1,19,21,26,30,33,3
09/11/2019,10,16,19,30,34,37,4
12/11/2019,2,6,14,19,27,29,3
16/11/2019,3,8,31,32,34,35,5
19/11/2019,2,10,15,17,18,24,1
21/11/2019,4,7,9,14,20,22,4
23/11/2019,6,7,14,19,20,28,1
26/11/2019,2,5,8,22,24,29,5
30/11/2019,6,17,20,25,33,36,3
03/12/2019,9,10,16,20,32,34,3
05/12/2019,8,9,10,17,30,34,4
07/12/2019,2,15,20,26,27,30,7
10/12/2019,6,15,28,31,34,35,2
14/12/2019,2,3,5,9,24,32,6
17/12/2019,2,5,12,14,29,33,3
19/12/2019,4,13,15,22,30,37,2
21/12/2019,1,6,7,16,26,36,1
24/12/2019,2,11,16,21,22,31,7
28/12/2019,2,17,18,29,31,32,2
31/12/2019,1,5,8,15,17,31,2
04/01/2020,1,7,12,18,31,33,3
07/01/2020,2,6,9,27,35,37,7
11/01/2020,7,14,16,31,32,35,3
14/01/2020,6,16,23,25,27,30,6
16/01/2020,8,21,23,24,36,37,2
18/01/2020,5,9,12,28,30,36,1
21/01/2020,1,4,6,30,35,36,4
25/01/2020,3,4,17,22,27,34,7
28/01/2020,12,14,16,17,31,36,5
01/02/2020,8,12,26,28,32,33,3
04/02/2020,9,21,25,27,32,34,4
06/02/2020,5,9,13,14,17,33,2
08/02/2020,1,19,20,32,34,35,4
11/02/2020,5,6,12,16,25,33,1
15/02/2020,4,8,10,14,21,35,2
18/02/2020,7,8,15,20,27,29,4
22/02/2020,1,15,22,23,29,33,3
25/02/2020,6,16,18,28,33,37,2
29/02/2020,7,21,25,27,30,31,6
03/03/2020,2,4,20,23,25,35,5
05/03/2020,4,10,15,18,26,32,6
07/03/2020,14,19,21,22,23,32,5
10/03/2020,11,19,23,27,30,36,1
14/03/2020,11,13,17,18,32,35,7
17/03/2020,3,7,9,23,25,33,5
25/04/2020,15,16,18,20,28,37,4
02/05/2020,1,13,16,32,33,37,2
05/05/2020,1,2,6,8,20,37,1
07/05/2020,5,7,10,13,20,29,3
09/05/2020,8,9,13,24,26,34,1
12/05/2020,2,7,12,20,21,29,3
16/05/2020,10,11,14,19,24,35,6
19/05/2020,20,21,23,26,29,33,5
23/05/2020,5,8,10,12,14,22,4
26/05/2020,9,16,22,26,30,36,6
30/05/2020,1,13,25,27,33,37,5
02/06/2020,2,13,22,23,25,30,6
04/06/2020,5,15,26,28,32,37,3
06/06/2020,7,8,18,23,25,37,6
09/06/2020,13,14,21,24,27,30,3
13/06/2020,5,12,15,22,24,31,5
16/06/2020,18,19,28,30,32,35,3
18/06/2020,5,6,8,18,20,30,5
20/06/2020,3,5,10,11,18,23,2
23/06/2020,1,3,18,19,25,30,1
27/06/2020,1,6,13,21,25,28,1
30/06/2020,22,24,26,27,28,29,2
02/07/2020,10,12,13,24,25,31,7
04/07/2020,1,4,8,27,28,33,7
07/07/2020,1,7,9,21,31,36,4
11/07/2020,10,12,18,28,34,37,4
14/07/2020,6,20,22,30,32,33,5
18/07/2020,4,9,12,30,31,33,5
21/07/2020,3,6,10,12,30,36,5
25/07/2020,12,13,17,21,23,25,6
28/07/2020,1,3,11,13,25,34,3
01/08/2020,4,6,7,15,16,34,6
04/08/2020,4,17,20,21,33,34,6
06/08/2020,10,20,24,26,28,35,6
08/08/2020,5,9,14,27,29,34,2
11/08/2020,15,18,21,24,28,34,2
15/08/2020,1,12,14,17,24,28,1
18/08/2020,6,20,21,24,30,31,3
20/08/2020,2,6,7,19,24,28,1
22/08/2020,11,12,29,31,34,35,7
25/08/2020,2,12,19,20,21,36,5
29/08/2020,3,6,14,22,32,37,1
01/09/2020,4,5,8,13,17,28,5
03/09/2020,4,6,24,26,35,36,1
05/09/2020,6,19,23,28,33,34,3
08/09/2020,5,6,13,16,20,28,3
12/09/2020,2,5,12,17,23,32,4
15/09/2020,1,8,14,19,29,37,6
17/09/2020,5,10,12,14,24,29,5
20/10/2020,2,8,15,22,24,35,3
24/10/2020,20,22,31,32,36,37,3
27/10/2020,3,17,19,22,23,28,3
31/10/2020,5,11,14,24,30,36,7
03/11/2020,1,17,23,24,32,37,1
07/11/2020,5,10,14,23,26,35,2
10/11/2020,5,6,12,18,23,31,2
14/11/2020,9,19,22,24,29,34,7
17/11/2020,2,20,24,25,32,34,3
19/11/2020,4,17,25,27,34,37,3
21/11/2020,2,13,21,22,23,25,1
24/11/2020,1,5,22,27,28,29,5
28/11/2020,5,8,9,11,18,22,1
01/12/2020,3,4,12,16,22,31,3
03/12/2020,9,16,19,23,26,33,7
05/12/2020,1,15,21,25,33,37,3
08/12/2020,8,10,16,18,23,30,7
12/12/2020,3,5,19,20,31,37,7
15/12/2020,3,8,9,16,20,21,5
19/12/2020,3,9,11,22,26,34,5
22/12/2020,1,5,12,27,32,36,1
26/12/2020,1,10,17,20,35,36,7
29/12/2020,12,13,16,21,25,33,3
02/01/2021,6,19,20,25,27,32,3
05/01/2021,5,12,14,16,17,24,2
09/01/2021,12,24,25,28,34,37,3
12/01/2021,2,9,11,13,35,37,2
16/01/2021,1,9,17,22,33,36,1
19/01/2021,6,14,17,22,24,33,1
23/01/2021,3,7,12,16,23,37,6
26/01/2021,2,4,17,31,33,35,3
30/01/2021,14,17,19,20,28,29,3
02/02/2021,6,21,28,30,32,35,1
06/02/2021,3,16,18,20,30,36,3
09/02/2021,3,7,12,13,20,31,7
13/02/2021,5,22,26,31,33,36,5
16/02/2021,5,9,18,21,30,33,7
20/02/2021,8,10,15,20,23,32,7
23/02/2021,4,12,13,15,16,24,2
28/02/2021,14,16,22,23,29,30,6
02/03/2021,8,15,19,23,27,37,7
04/03/2021,7,20,24,26,27,37,4
06/03/2021,7,13,15,22,29,34,1
09/03/2021,1,5,24,25,29,35,3
13/03/2021,1,6,12,14,18,34,3
16/03/2021,4,5,14,17,24,32,5
20/03/2021,11,12,18,33,35,36,5
23/03/2021,8,16,22,26,28,34,7
25/03/2021,1,5,25,27,28,31,4
30/03/2021,1,7,16,23,28,34,5
03/04/2021,3,5,7,9,19,27,5
06/04/2021,5,13,15,21,22,33,7
10/04/2021,2,7,8,10,30,31,1
12/04/2021,2,5,6,7,15,30,7
17/04/2021,2,6,10,11,16,35,6
20/04/2021,1,3,4,13,20,37,5
22/04/2021,3,5,13,23,24,35,1
24/04/2021,1,2,13,14,22,36,7
27/04/2021,2,15,19,33,34,36,7
01/05/2021,2,5,11,18,24,25,5
04/05/2021,11,22,23,25,32,34,6
06/05/2021,4,8,13,17,28,29,4
08/05/2021,10,11,12,20,26,35,3
11/05/2021,4,6,14,20,28,31,6
15/05/2021,1,5,9,24,36,37,1
18/05/2021,1,13,14,17,19,20,4
22/05/2021,1,5,10,21,22,33,7
25/05/2021,4,9,13,14,25,34,4
29/05/2021,9,11,15,21,23,24,2
01/06/2021,4,6,13,14,16,31,5
03/06/2021,8,14,15,20,32,33,6
05/06/2021,7,9,10,21,24,33,2
08/06/2021,2,5,22,26,30,33,4
12/06/2021,2,10,19,32,33,37,6
15/06/2021,3,16,22,25,26,37,5
17/06/2021,1,2,8,19,28,30,4
19/06/2021,12,18,20,26,29,37,6
22/06/2021,3,6,8,13,18,27,5
26/06/2021,3,4,9,19,22,26,1
29/06/2021,7,12,13,21,28,35,6
01/07/2021,2,13,19,20,22,25,6
03/07/2021,2,10,13,16,32,37,6
06/07/2021,8,11,14,16,18,29,5
10/07/2021,2,8,15,16,23,33,4
13/07/2021,8,9,23,24,28,33,3
18/07/2021,11,13,14,17,21,23,1
20/07/2021,2,11,13,27,28,31,1
22/07/2021,4,12,20,30,35,37,7
24/07/2021,10,16,19,23,24,28,6
27/07/2021,15,18,23,25,29,37,3
31/07/2021,16,24,28,34,35,36,1
03/08/2021,1,11,21,23,27,36,1
05/08/2021,2,4,10,11,18,35,6
07/08/2021,13,17,18,23,25,27,3
10/08/2021,3,9,10,17,24,32,3
14/08/2021,2,12,13,23,25,30,7
17/08/2021,4,11,25,26,28,37,7
21/08/2021,6,21,25,26,30,35,5
24/08/2021,15,18,21,28,31,33,2
28/08/2021,4,5,8,17,26,36,7
31/08/2021,6,11,15,20,36,37,4
02/09/2021,1,2,11,16,28,37,4
04/09/2021,2,6,12,13,26,37,3
09/09/2021,1,3,9,23,25,27,1
11/09/2021,15,19,21,30,32,35,5
14/09/2021,4,8,24,25,30,31,7
18/09/2021,8,26,28,29,33,35,6
22/09/2021,4,6,12,20,31,36,6
25/09/2021,11,14,16,30,32,35,2
29/09/2021,3,5,8,9,19,36,2
02/10/2021,10,12,13,17,30,31,7
05/10/2021,4,10,11,14,15,33,3
09/10/2021,7,20,24,26,33,36,4
12/10/2021,7,11,22,28,31,32,3
14/10/2021,8,16,17,20,29,30,5
16/10/2021,5,10,14,20,23,28,4
19/10/2021,7,12,24,28,32,34,5
23/10/2021,7,16,17,22,26,29,5
26/10/2021,14,17,27,29,33,35,3
30/10/2021,1,2,17,19,36,37,4
02/11/2021,2,6,10,12,24,31,1
04/11/2021,1,4,15,26,33,37,5
06/11/2021,7,8,21,24,26,30,5
09/11/2021,6,9,19,21,28,36,7
13/11/2021,2,9,13,31,34,37,2
16/11/2021,7,9,17,20,22,26,4
18/11/2021,4,9,20,23,32,37,2
20/11/2021,13,18,20,23,26,36,1
23/11/2021,8,15,16,23,27,33,2
27/11/2021,8,17,22,24,28,33,1
30/11/2021,3,4,19,27,32,33,5
02/12/2021,3,15,19,26,27,31,6
04/12/2021,15,20,23,26,28,37,3
07/12/2021,5,11,13,18,32,37,1
11/12/2021,12,15,17,20,21,23,1
14/12/2021,6,8,10,12,25,34,4
16/12/2021,6,13,15,20,29,31,5
18/12/2021,1,5,10,13,30,33,1
21/12/2021,4,24,28,30,32,34,1
25/12/2021,16,20,21,23,34,36,7
28/12/2021,6,8,14,15,23,36,1
01/01/2022,4,8,9,28,33,37,2
04/01/2022,1,6,9,12,28,29,7
08/01/2022,7,10,12,15,18,34,3
11/01/2022,8,9,30,31,33,36,4
13/01/2022,1,5,10,11,23,34,5
15/01/2022,7,12,17,19,36,37,3
18/01/2022,8,17,21,27,33,34,3
22/01/2022,8,16,18,19,35,36,6
25/01/2022,3,24,26,27,32,37,5
29/01/2022,3,5,7,23,26,36,1
01/02/2022,2,6,9,11,33,37,1
05/02/2022,6,7,16,30,32,36,3
08/02/2022,2,15,17,18,31,33,1
10/02/2022,3,9,10,16,27,31,5
12/02/2022,2,5,12,15,16,34,4
15/02/2022,4,8,11,12,15,25,2
19/02/2022,9,12,15,25,29,30,5
22/02/2022,14,22,25,28,33,34,6
26/02/2022,1,22,27,30,31,37,3
01/03/2022,7,16,20,30,32,33,5
05/03/2022,10,12,19,23,27,30,3
08/03/2022,1,2,4,8,18,21,5
12/03/2022,1,4,16,21,22,35,7
15/03/2022,3,9,16,27,34,37,7
17/03/2022,8,18,21,23,33,36,1
19/03/2022,9,10,18,19,29,35,7
22/03/2022,2,16,26,27,33,35,7
26/03/2022,1,11,12,13,18,36,2
29/03/2022,1,3,5,11,25,31,1
02/04/2022,1,3,9,26,29,34,1
05/04/2022,7,14,15,20,27,36,5
07/04/2022,15,20,27,29,36,37,7
09/04/2022,2,12,19,29,30,33,1
12/04/2022,9,15,17,23,26,29,3
16/04/2022,6,7,14,19,20,23,6
19/04/2022,2,3,5,8,14,19,7
24/04/2022,10,13,17,22,29,35,3
26/04/2022,7,10,11,19,22,29,6
30/04/2022,8,9,10,18,29,32,2
02/05/2022,1,14,15,17,28,37,1
07/05/2022,3,13,21,24,27,35,2
10/05/2022,17,19,21,23,25,34,7
14/05/2022,9,16,17,21,26,29,6
17/05/2022,1,4,5,24,31,32,6
19/05/2022,1,8,18,25,29,30,1
21/05/2022,3,4,5,15,24,33,6
24/05/2022,6,10,13,20,23,35,7
28/05/2022,1,2,8,19,31,33,7
31/05/2022,2,5,10,19,27,36,1
02/06/2022,11,24,25,27,29,32,3
07/06/2022,3,6,13,23,25,29,5
11/06/2022,7,8,20,31,36,37,4
14/06/2022,3,5,6,10,15,36,3
16/06/2022,1,7,10,13,29,36,2
18/06/2022,1,4,9,12,30,31,3
21/06/2022,4,6,7,12,17,27,7
25/06/2022,12,17,26,28,32,35,1
28/06/2022,1,4,7,21,22,36,6
02/07/2022,2,4,12,14,26,37,4
05/07/2022,1,15,16,31,32,33,2
09/07/2022,1,12,15,19,27,31,4
12/07/2022,9,14,15,23,27,33,2
14/07/2022,6,12,15,19,26,27,4
16/07/2022,1,7,8,11,12,25,2
19/07/2022,4,8,9,10,15,24,7
23/07/2022,7,13,19,21,25,37,6
26/07/2022,11,12,13,16,34,36,6
28/07/2022,2,15,17,27,34,37,1
30/07/2022,7,13,24,26,35,37,7
02/08/2022,6,8,9,20,23,28,7
07/08/2022,8,19,25,30,31,36,2
09/08/2022,6,9,12,14,25,29,7
13/08/2022,14,18,21,27,28,34,3
16/08/2022,1,11,15,19,21,32,2
20/08/2022,8,13,16,19,23,36,1
23/08/2022,2,6,14,17,25,33,3
27/08/2022,9,16,22,27,30,34,6
30/08/2022,9,12,17,18,20,36,7
03/09/2022,1,9,13,20,22,36,5
06/09/2022,3,20,23,25,32,35,5
10/09/2022,2,7,14,17,19,28,4
13/09/2022,2,7,10,13,25,34,6
15/09/2022,6,7,15,19,27,33,7
17/09/2022,9,11,14,20,31,33,1
20/09/2022,1,15,17,29,33,34,2
24/09/2022,4,10,11,13,20,32,1
29/09/2022,6,21,24,27,28,37,6
01/10/2022,9,17,20,21,30,33,7
06/10/2022,5,6,11,18,19,35,2
08/10/2022,2,12,14,15,33,37,3
11/10/2022,5,16,18,26,29,35,4
15/10/2022,3,15,17,21,26,29,6
18/10/2022,5,7,13,17,25,32,4
22/10/2022,5,11,13,19,32,37,5
25/10/2022,5,7,10,16,31,32,4
27/10/2022,12,13,22,25,28,36,2
29/10/2022,2,5,15,24,32,33,3
01/11/2022,2,3,4,5,11,15,3
05/11/2022,6,9,22,25,31,34,4
08/11/2022,4,5,6,31,33,36,7
12/11/2022,4,9,17,25,33,37,6
15/11/2022,4,9,10,15,26,27,2
17/11/2022,3,12,13,16,29,34,1
19/11/2022,10,13,16,29,30,35,4
22/11/2022,11,17,25,26,27,32,4
26/11/2022,2,5,9,12,15,16,4
